"id","gender","age","educationLevel","englishLevel","politicalSpectrum","newsConsumption","newsOutlets","musk1","musk2","musk3","musk4","participantId","createdAt"
"7fede266-8c0b-41e3-874e-c7734e68757a","Female",31,"Bachelor’s degree","Advanced",5,"Several times per month","{""Fox News"",""New York Times"",CNN,""Time magazine""}",-5,-5,0,2,"759d0f84-7e7d-4b5a-a49a-8aabe0394e68","2022-12-21 02:08:14.048"
"a45a3b6b-aedb-4e6a-ad18-0cac6d3ccd47","Female",49,"Bachelor’s degree","Advanced",0,"Never or very rarely","{""CBS News""}",0,0,0,0,"77392625-9933-4210-a69c-28caa4e0e952","2022-12-21 02:13:10.662"
"617921cf-3a5a-4c93-82c5-d0e8d0902424","Male",56,"Doctoral degree","Intermediate",0,"Several times per day","{CNN,""Time magazine"",Reuters,BuzzFeed}",5,5,5,5,"0d2149b3-1fe5-4c08-97e7-869d11db6a9f","2022-12-21 02:24:46.308"
"3412c921-f703-4f5d-be4c-2bd468d1b78b","Male",55,"Graduate work","Advanced",-7,"Several times per week","{""ABC News"",BBC}",-2,-5,-5,-5,"3b6f92c1-18a0-46b0-bc6b-74bde90f1192","2022-12-21 02:26:00.46"
"e6304fb5-ae8b-45f9-bedb-367b9f641033","Female",22,"Some college","Advanced",-8,"Several times per day","{""New York Times"",""The Washington Post"",Vice}",3,-4,-4,-4,"414dc63c-ba77-446f-acba-6a742afb23e3","2022-12-21 02:28:48.286"
"9ab935f0-1089-493e-8521-e593e0c0c8a9","Female",25,"Associate degree","Advanced",-6,"Several times per week","{MSNBC,CNN,""USA Today"",""Fox News""}",-4,-5,-5,-5,"903418ce-0b6c-4c29-a972-446ac5092e34","2022-12-21 02:29:54.052"
"3de40c43-0898-4ad4-bf15-e7a6a355e3e5","Female",41,"Some college","Advanced",0,"Never or very rarely","{}",-5,0,0,0,"45ae24c4-a1fa-4d22-835e-bf6dcc636d22","2022-12-21 02:36:51.358"
"95cef5b2-f45a-46db-8ccd-7f04e66f614d","Female",22,"High school graduate","Advanced",-4,"Several times per week","{}",0,-2,-5,-3,"b436a666-e38e-4937-ac9a-d311670edfbb","2022-12-21 02:40:30.727"
"5dd89ac7-c775-4945-aaba-760658d7d3f6","Male",63,"Bachelor’s degree","Advanced",-7,"Once per day","{CNN,MSNBC,""CBS News""}",-1,2,-3,-1,"14f9f009-ec0a-4ec4-b3ca-09472babadf6","2022-12-21 02:41:01.243"
"9257f811-6fab-428c-8f64-6bada6af604f","Male",42,"Bachelor’s degree","Advanced",-8,"Several times per day","{CNN,MSNBC,""New York Times"",""The Wall Street Journal"",""Business Insider""}",4,-1,-4,-3,"1b3d9d61-bff1-48c6-9cd7-4e681ee357f3","2022-12-21 02:41:21.643"
"4b37c89b-3243-4af3-af2b-6390eee5dfdc","Female",53,"Graduate work","Advanced",10,"Several times per day","{""Fox News"",""New York Times"",CNN,""USA Today"",""ABC News"",""CBS News"",""The Wall Street Journal"",""The Washington Post"",""Time magazine""}",5,5,5,5,"7c3fa997-4365-4d49-8258-6f84cd1a9208","2022-12-21 02:41:28.172"
"b52e8f89-b9cb-4413-8a9e-bf2c50a9bfb0","Male",21,"High school graduate","Intermediate",-2,"Never or very rarely","{}",1,-1,-2,1,"13af56c8-4af6-4d6d-adda-749f59618924","2022-12-21 02:44:28.796"
"3e23e59d-b1e5-49a3-9a1f-a6966bd147b3","Male",23,"Associate degree","Advanced",-4,"Several times per month","{""Fox News"",CNN,""CBS News"",MSNBC,""ABC News""}",-1,-1,-1,2,"5d13704e-5ce8-46fe-b147-d247318917ec","2022-12-21 02:45:51.84"
"0ee35d62-545c-4817-94c7-7abda8c48e5e","Female",19,"High school graduate","Advanced",-8,"Several times per week","{""New York Times"",CNN,MSNBC,""The Guardian"",""Business Insider"",""Time magazine""}",-2,-3,-5,-4,"282e6896-92cc-4052-8876-62741544b956","2022-12-21 02:48:06.754"
"c9c32fd2-041a-4c71-816f-6600c9b9e977","Male",48,"Bachelor’s degree","Advanced",-8,"Once per day","{CNN,""CBS News"",""ABC News"",""New York Post"",""New York Times""}",2,3,2,1,"7224e8b1-a5c6-4e13-909f-cc7709eb98ba","2022-12-21 02:49:40.785"
"785c7788-83e3-41c9-a22b-e6d5a5c51e5b","Female",21,"Associate degree","Advanced",-7,"Several times per week","{""New York Times"",""USA Today"",""ABC News""}",3,-4,-5,-5,"b195d194-edac-4bdb-997f-adbf9bb32dac","2022-12-21 02:58:49.64"
"90fb4e5e-2e00-4540-8dd6-e0b8642407c5","Female",35,"Some college","Advanced",-10,"Several times per month","{Reuters,Vice}",0,-5,-5,-2,"99c644e6-27d3-404a-b045-d62d062b3273","2022-12-21 02:59:45.659"
"ed4bbccf-096c-454f-8079-c8b90ad0e19e","Female",54,"Graduate work","Advanced",5,"Several times per week","{}",2,5,5,5,"8865d20c-f91f-4c05-9dcd-b346838fce97","2022-12-21 03:03:39.222"
"ca1bb08b-4aee-4d5e-980f-3bc607c4a14a","Female",39,"Associate degree","Advanced",-8,"Several times per day","{MSNBC,""New York Times"",""The Washington Post"",Reuters}",2,-4,-5,-3,"5d05f0e4-f482-492b-a6ed-6e94f17cbad3","2022-12-21 03:03:52.173"
"49059c7d-0531-4506-a341-b824c9be9f42","Male",22,"Bachelor’s degree","Advanced",-10,"Several times per month","{}",-2,-2,-3,-2,"e0e62207-38f5-4ca1-9a22-b17e10ec7c21","2022-12-21 03:12:00.18"
"04129c43-fd02-4bf1-bcb5-0d2cb2cf3836","Female",33,"Associate degree","Advanced",-10,"Several times per day","{}",3,-5,-5,-5,"16ea57cd-ed2d-46dd-8b50-f226757b53ad","2022-12-21 03:12:33.671"
"83a9669b-6ccc-47ae-a085-490e4ded440e","Male",56,"Bachelor’s degree","Advanced",-7,"Several times per day","{CNN,MSNBC,""New York Times""}",1,-2,-3,-4,"3828db8f-7ceb-4e9e-b2d1-f15916151a73","2022-12-21 03:12:34.172"
"a35d5ea9-7af5-492a-9441-98e9d57679ee","Male",30,"High school graduate","Advanced",8,"Several times per day","{""Fox News"",CNN,Reuters,""Business Insider""}",5,1,2,2,"c86e2a63-740b-490d-b10b-b38a1644cb36","2022-12-21 03:12:47.894"
"84b23d75-a9ea-4683-b0f4-78c050e21419","Female",28,"Graduate work","Advanced",-8,"Once per day","{}",4,-5,-5,-5,"6d7a5390-0b87-4fa6-83f4-21e9ccac66ea","2022-12-21 03:12:53.786"
"f563ba64-df75-413a-afb8-10751101bc5c","Male",26,"Vocational or technical school","Advanced",-1,"Several times per month","{MSNBC,""CBS News""}",-5,5,0,0,"2527b6ee-ea1a-4df4-b225-5af78d74b817","2022-12-21 03:12:58.852"
"e99e9981-df5e-4a77-b2e2-660660ca8b75","Female",42,"Graduate work","Advanced",-8,"Several times per day","{""New York Times"",BuzzFeed,""Business Insider"",""NBC News""}",2,-4,-4,-4,"abd5c6b9-1394-4223-887f-d2771278aa3b","2022-12-21 03:13:03.543"
"679b253e-4924-4d02-9f87-38cc9c7b7404","Male",32,"Bachelor’s degree","Advanced",-5,"Once per day","{""New York Times"",""Huffington Post"",""The Washington Post"",""The Wall Street Journal""}",3,-4,-5,-4,"48f658cb-bc2c-4188-937e-8ae6b4ab5a77","2022-12-21 03:13:10.26"
"fa65ba82-5962-4433-b254-521ff1912335","Female",41,"Graduate work","Advanced",-10,"Once per day","{}",4,-3,-5,-2,"5cbee138-58c1-4dfc-bfd2-fe4cc3f70e18","2022-12-21 03:13:57.684"
"16737e18-bedc-40eb-9b4d-9418bb9ed9e3","Female",23,"Bachelor’s degree","Advanced",-9,"Never or very rarely","{}",2,-3,-3,-4,"cc359664-e6a3-4838-8322-c0691d7b1af6","2022-12-21 03:14:04.303"
"ceef87e4-46b0-4ed0-9972-a70f3ef3329c","Male",30,"Bachelor’s degree","Advanced",4,"Once per day","{""New York Times"",""Fox News"",""The Washington Post"",""The Wall Street Journal"",MSNBC}",-4,5,2,4,"ec388958-27ee-4539-9630-c18175db3550","2022-12-21 03:15:10.479"
"c276176c-f229-4f22-81bc-8017aed44356","Female",25,"Doctoral degree","Advanced",-1,"Several times per week","{""New York Times"",CNN,""ABC News""}",-1,-3,-2,-2,"4295497c-0fc9-47fd-b52e-28e3def0248e","2022-12-21 03:15:32.168"
"53c4e7e7-880a-4db1-9572-9a916b8d39c9","Male",25,"Doctoral degree","Advanced",-1,"Several times per week","{""Fox News"",""New York Times""}",-4,-4,-4,-4,"19aca261-0243-4468-ad0b-f6ddc0f031ca","2022-12-21 03:15:42.08"
"d922fbb5-7031-4d1f-8762-d8f56bb82552","Female",21,"Bachelor’s degree","Advanced",-2,"Several times per week","{}",-4,-3,-5,-4,"955c4e03-f180-4166-bb81-c4a4706417a0","2022-12-21 03:16:01.979"
"0748d474-1153-4fa4-9ae0-626b533cb870","Male",22,"Some college","Advanced",-7,"Never or very rarely","{}",0,-2,0,0,"d3f498a9-078f-4d55-9f87-1b3d706076b3","2022-12-21 03:17:03.533"
"0ff16e25-98ca-4d13-b85c-c568ed87bf20","Male",56,"Bachelor’s degree","Advanced",10,"Several times per day","{}",5,5,5,5,"528a531d-7059-4489-8509-56e7eed4d61f","2022-12-21 03:21:56.631"
"8e30f3b4-4600-4986-9e3c-5adf593c8084","Female",63,"Some college","Advanced",-1,"Several times per day","{CNN,""New York Times"",""ABC News"",""The Washington Post""}",-2,-2,-2,1,"6400fd5e-1ad7-450c-9f2c-001c39c75224","2022-12-21 03:21:58.859"
"534c50b3-d7bd-4875-9138-d7691c21d63d","Male",27,"Bachelor’s degree","Advanced",-10,"Several times per day","{""New York Times"",CNN,MSNBC,""Huffington Post"",""USA Today"",""ABC News"",""CBS News"",""The Washington Post"",""The Guardian"",BuzzFeed,Vice,""Deutsche Welle""}",5,-5,-5,-5,"dbb9b194-91b1-4473-90d4-ef40daf67234","2022-12-21 03:22:06.877"
"50ce318f-1504-429a-b0e2-c3affbc35534","Male",50,"Graduate work","Advanced",3,"Once per day","{CNN,""New York Times""}",-2,-3,-3,-3,"d88c849a-c501-4ca5-9cef-67316b9c8e09","2022-12-21 03:22:33.544"
"250fc42e-06ff-46ff-981f-ccb6ab518b80","Female",55,"Bachelor’s degree","Advanced",-10,"Several times per day","{CNN,""The Washington Post"",MSNBC}",5,-5,-5,-5,"5585e0a6-a61f-4c0e-808a-5163472a4819","2022-12-21 03:22:37.404"
"a601b346-27f8-45b4-8c7f-df6b7545b787","I prefer not to say",49,"I prefer not to say","Advanced",-7,"Once per day","{MSNBC}",-1,5,-5,0,"264c1da9-66c7-4a0d-825c-a0e3474e4912","2022-12-21 03:23:18.446"
"01b351b5-aaa7-4547-a1d4-d61a5afae451","Female",21,"Some college","Advanced",-10,"Several times per day","{""New York Times""}",-2,-3,-5,-5,"c2064b2b-c9a7-435b-806f-f628da467a75","2022-12-21 03:23:37.635"
"f6527bce-5b1e-4903-bc08-bca677c6fdac","Male",25,"Bachelor’s degree","Advanced",-2,"Several times per week","{}",2,0,-2,0,"825621f3-8a38-4cf4-b1ae-04e1d97ff7b0","2022-12-21 03:24:13.918"
"e58a2413-c8fb-4659-9148-ee7cf237c67f","Female",21,"High school graduate","Advanced",-10,"Several times per month","{}",3,-3,-5,-5,"5027d3d8-b3f6-4c28-9a8a-a1e6ab573bc8","2022-12-21 03:24:50.81"
"a9d4f350-af5d-4011-9f63-b17b10d608e8","Female",31,"High school graduate","Intermediate",-1,"Once per day","{}",1,1,2,0,"408d3f10-2223-4be3-a54e-c35754e8ffea","2022-12-21 03:24:52.177"
"ed30debb-2931-4cff-a69c-083b8e6ff151","Female",54,"Some college","Advanced",-10,"Several times per day","{""The Guardian"",MSNBC,""Huffington Post"",""New York Times"",CNN,""The Washington Post"",Reuters,""BBC News""}",1,-5,-5,-5,"9aca74d9-d80a-489d-b6cf-4d788fb42900","2022-12-21 03:25:29.307"
"60bc70fa-4bc2-4ff7-bd87-94fcc8ac7b4f","Female",27,"Graduate work","Advanced",-10,"Several times per month","{""New York Times"",CNN,""CBS News"",""The Washington Post""}",2,-4,-4,-3,"a86cd330-0762-457e-8fde-9bb22bc0f4cc","2022-12-21 03:26:41.937"
"31006e74-a33f-4f8c-9f96-0a5c12bc0557","Female",30,"Associate degree","Advanced",-6,"Several times per day","{""New York Times"",CNN,MSNBC,Reuters,""Huffington Post"",""USA Today"",""ABC News"",""CBS News"",""The Washington Post"",""The Guardian"",""Time magazine"",""Business Insider""}",4,-5,-5,-4,"82ba2d1a-9e2c-45f4-8795-4fd5c001ed6a","2022-12-21 03:27:14.226"
"d1124856-cf83-49aa-a13a-2841e72cf217","Female",58,"Associate degree","Advanced",-1,"Once per day","{CNN}",1,-3,-3,-1,"42e57f92-ff63-40ea-96cc-dc2cad17432c","2022-12-21 03:27:37.406"
"92e7d3b3-ff03-4359-a269-10700957925c","Male",69,"Some college","Advanced",1,"Several times per day","{""ABC News"",""CBS News"",Vice}",4,0,1,1,"b3b26a1d-20e0-43f7-a13e-f27281149f00","2022-12-21 03:27:37.759"
"f66331f0-99af-40ba-9ea0-43e985b4a856","Male",25,"Bachelor’s degree","Advanced",-10,"Several times per day","{CNN,""New York Times"",""ABC News""}",2,-5,-5,-5,"6ac35187-56bc-4bae-9fbd-74ee2d46f225","2022-12-21 03:28:02.132"
"f6b3bf46-5cd2-4b79-b6a9-bd47a6fa51f2","Male",45,"Some college","Advanced",-1,"Several times per day","{CNN,Vice}",1,5,5,5,"050e6e02-f0fc-4434-a37f-b727146ab3eb","2022-12-21 03:28:13.658"
"61703e7a-cb1c-4c8c-878f-dbe5a8e51c63","Female",19,"High school graduate","Advanced",-10,"Several times per month","{""New York Times"",""The Washington Post""}",-5,-3,-3,-2,"596dd0b5-2fcd-43c3-858d-bb7ea77121ab","2022-12-21 03:29:31.031"
"a2c0fd37-ae83-41d4-9a69-467060e9ce01","Female",51,"Doctoral degree","Advanced",-8,"Once per day","{CNN,""The Guardian"",bbc,""corriere della sera"",KTLA}",3,-3,-2,-2,"c74d9ea5-80b6-44f8-b6e2-b4809170e2d5","2022-12-21 03:30:03.917"
"a4461899-b57c-4592-9c6b-e8a2ac131e1c","Male",36,"Some college","Advanced",2,"Several times per day","{""Fox News"",""New York Times"",CNN,MSNBC,""Huffington Post"",""New York Post"",""USA Today"",""ABC News"",""CBS News"",Univision,""The Washington Post"",""The Guardian"",telemundo}",5,3,5,5,"6114919e-5531-4e51-a7e4-2ffca65fb5e7","2022-12-21 03:30:35.632"
"bf895c16-60ec-43d9-8376-b702fd6645eb","Female",22,"High school graduate","Advanced",-9,"Several times per month","{}",-4,0,-4,-1,"ec78dd97-c286-417d-ac0a-c6f67833f5f9","2022-12-21 03:31:17.578"
"d842f937-a9e3-47db-a1a2-de695a581e06","Female",25,"High school graduate","Advanced",-2,"Several times per month","{}",1,-5,-5,-5,"f42964b3-d68c-4220-a63a-11a09d001a42","2022-12-21 03:31:19.262"
"fa763c4f-a91f-46ea-abcc-9afb3d8c4b10","Female",62,"Graduate work","Advanced",-6,"Several times per day","{""The Guardian"",BBC}",-3,-3,-5,-3,"5e2aae0c-e56f-446c-8410-5732036286fc","2022-12-21 03:32:53.232"
"df5c6f22-3583-4dc3-9b3a-cdd0c608ec51","Female",40,"Doctoral degree","Advanced",3,"Several times per day","{MSNBC,""New York Post"",""The Washington Post"",""ABC News"",""CBS News""}",0,5,3,5,"283e8cbd-1412-407a-80be-5381d8668e80","2022-12-21 03:33:17.297"
"f15c62c7-f4ef-49bc-9567-e902c66e8019","Male",22,"High school graduate","Advanced",-10,"Never or very rarely","{}",-2,-1,-2,-2,"1793f174-04db-43a0-9ac0-7654d38e6e54","2022-12-21 03:18:00.562"
"62ec3dc4-4737-4358-b1b9-98dcd12456a1","Female",36,"Graduate work","Advanced",-9,"Several times per week","{""BBC News""}",-3,-5,-5,-5,"60a89aeb-e603-45b4-836e-0683a5e36b20","2022-12-21 03:19:12.118"
"bd3e07c6-5f49-4a90-a283-1f61878c314a","Male",67,"Some college","Advanced",-7,"Several times per day","{Reuters,""ABC News"",""CBS News"",""USA Today"",""The Washington Post"",NPR}",4,-2,-4,-4,"a7c66bb0-35dd-4292-8815-ba941f37cd52","2022-12-21 03:19:32.566"
"b52271c5-cece-4dc6-8a2b-4ec42a1f2ba0","Female",40,"Graduate work","Advanced",-7,"Several times per day","{""New York Times"",""Huffington Post""}",0,-5,-5,-5,"d09662f5-b911-4177-99a1-34d49a8950c7","2022-12-21 03:41:57.048"
"8feff37d-455d-4ec9-a795-badd6bc59e0e","Male",30,"Bachelor’s degree","Advanced",-6,"Several times per week","{""New York Times"",""Time magazine"",""The Guardian"",""The Washington Post"",""Huffington Post""}",3,-5,-5,-5,"730bda5a-a7e8-40ee-886f-0b9875af69c5","2022-12-21 03:20:08.772"
"9ba7ac65-e616-4fdd-8377-c38b22c39cc8","Female",32,"Some college","Advanced",-10,"Once per day","{""New York Times"",CNN,""Huffington Post"",""CBS News"",BuzzFeed}",-3,2,-5,-1,"95950c24-e5bd-46a3-91fc-e455953b26c7","2022-12-21 03:20:09.755"
"15a01279-81fe-4339-ab14-1ad7701b2999","Male",35,"Graduate work","Advanced",0,"Several times per day","{CNN,MSNBC,""USA Today"",""CBS News"",BuzzFeed}",0,-2,-3,-3,"bd678133-293e-4231-a5c5-84d0880bf70c","2022-12-21 03:20:52.117"
"6e35c2a9-4138-4889-bc3e-3c1b8f84d9f1","Male",35,"Bachelor’s degree","Advanced",-9,"Several times per day","{""The Washington Post"",Vice,""New York Times"",Reuters,""the hill""}",3,-5,-5,-3,"0b617a9a-c91c-492c-a836-38922020d9a8","2022-12-21 03:23:26.729"
"53eedc1d-06f7-483c-a0fd-8193b6360291","Male",19,"High school graduate","Advanced",-10,"Several times per week","{CNN}",-3,-5,-5,-4,"a67c2ac8-e227-407f-86be-36bfc1ff9306","2022-12-21 03:33:54.769"
"9f812d23-67f2-4a28-9af9-87830ceb2453","Female",24,"Bachelor’s degree","Advanced",-8,"Several times per week","{""New York Times"",""The Washington Post"",""Business Insider"",""USA Today"",""New York Post"",""Huffington Post""}",3,-3,-3,-2,"ed9ba924-7623-46b0-bdd5-39abf6b7f1db","2022-12-21 03:33:58.278"
"8afb597e-536b-42b4-ad1d-f6daf5e90102","I prefer not to say",28,"Graduate work","Advanced",-10,"Never or very rarely","{}",-2,-2,-4,-3,"12e91045-5a7d-4b05-a379-84b585283ca4","2022-12-21 03:36:04.132"
"22ae8e99-b0a1-487e-9e9d-81483d8e4de2","Male",33,"Associate degree","Advanced",10,"Once per day","{""Fox News""}",3,5,5,4,"b0ef303d-eb70-4f0b-897f-dda8beadfbbe","2022-12-21 03:36:08.049"
"c4801941-455f-49e2-a056-70ccdcbfde74","Female",36,"Doctoral degree","Advanced",-1,"Several times per day","{}",-5,4,-1,-1,"2ef8f759-9336-4b2c-bbdb-a55347d092e3","2022-12-21 03:36:27.642"
"72c86e13-8057-47f2-86d3-01116f719f00","Male",32,"Bachelor’s degree","Advanced",-1,"Several times per day","{NPR}",-1,5,-3,3,"bb7191e6-8891-4e27-835f-d72c9dee7feb","2022-12-21 03:36:38.207"
"0e85dc83-d72f-4fb9-9f48-d0f5b4c5fcdd","Female",58,"Bachelor’s degree","Advanced",-5,"Once per day","{MSNBC,CNN}",2,2,2,2,"38dc54d4-2336-40bd-8940-2e4386d180a2","2022-12-21 03:36:48.611"
"0c84691e-c66c-4f4b-a39a-6a5a94a2e760","Female",28,"Vocational or technical school","Advanced",10,"Several times per day","{""Fox News"",""New York Post"",""ABC News"",""CBS News""}",-4,5,5,5,"10740bd7-ccb9-4160-99b2-92cd89b73acc","2022-12-21 03:36:50.274"
"29c185f9-2fcf-47a5-827e-395d573b25b4","Male",43,"High school graduate","Advanced",0,"Several times per month","{}",1,0,0,0,"7b898db1-dcfc-4856-8d89-8136c09421a4","2022-12-21 03:36:52.907"
"1ce66bb5-2c78-4fb6-ab28-5f2d24a70b1b","Female",20,"High school graduate","Advanced",-6,"Several times per month","{""Fox News"",CNN,MSNBC,""The Washington Post"",""New York Times"",Vice}",4,-2,-1,0,"a642712d-11e2-4c36-8ecc-31f923a3c9f9","2022-12-21 03:37:23.123"
"8ae33e1c-1c1e-4366-a4de-31b8580b9dc6","Male",31,"Bachelor’s degree","Advanced",10,"Several times per week","{""New York Times"",CNN}",2,0,0,0,"6968cf9d-bcf9-417c-b670-a6d1fa971528","2022-12-21 03:38:02.985"
"10c4b4d5-b8f4-46fa-9ad4-69e109f35b8e","Female",35,"Bachelor’s degree","Advanced",1,"Several times per month","{}",-5,1,0,0,"1f64fdcf-f5e1-42ae-9a38-92cb1e740f8d","2022-12-21 03:38:23.634"
"dc6308ab-2446-4243-a3ad-92d142272d69","Male",38,"Graduate work","Advanced",-7,"Several times per day","{CNN,MSNBC,Reuters,""USA Today"",""The Guardian"",""Business Insider""}",-1,2,0,0,"14ece2d1-5b20-4431-bdb3-ff11822ac58d","2022-12-21 03:38:58.023"
"105b7fb8-007b-44df-b463-7d2a5bc719c8","Male",34,"Bachelor’s degree","Advanced",-10,"Once per day","{CNN,MSNBC,""Fox News"",""New York Times"",""ABC News"",""CBS News""}",4,-2,-1,-2,"e047ba0c-68b5-42e9-922c-c155721e8e3f","2022-12-21 03:39:12.245"
"297eb2c5-be25-4fe9-a9a5-715cf8371e7b","Female",35,"Some college","Advanced",1,"Several times per week","{""news break""}",-2,0,1,0,"96f18257-021a-4ddf-8034-c5030fab70b1","2022-12-21 03:39:13.675"
"a8dc12b1-687b-46b0-8f33-5afc84403b26","Female",42,"Some college","Advanced",-3,"Several times per day","{""Fox News"",CNN,""ABC News"",""CBS News"",BuzzFeed}",-3,3,0,0,"06c4f11b-ed29-4697-99d6-7dcdf89c3a4d","2022-12-21 03:39:29.931"
"49d71bba-e8cb-417a-b647-64d82c011f94","Male",46,"Some college","Advanced",1,"Once per day","{Reuters,""The Wall Street Journal"",""New York Post""}",-2,2,1,1,"abd79dd5-1505-41c6-992f-f6fc4dc35b24","2022-12-21 03:39:59.007"
"36bd41ff-3578-4bcc-a7d3-8e5431156736","Male",22,"Some college","Intermediate",-1,"Several times per week","{""New York Times"",CNN,Reuters,""The Washington Post"",""The Wall Street Journal""}",1,1,-1,0,"04d60ca8-f928-49a3-a4b3-7d8c65084180","2022-12-21 03:40:06.01"
"b300da08-b4d9-4115-98c6-14b90bd7755f","Female",36,"Associate degree","Advanced",6,"Several times per week","{""The Washington Post"",""Huffington Post"",""New York Times"",""Fox News""}",-3,0,0,0,"f393e8a5-84a2-4151-b276-5ac6140622a0","2022-12-21 03:40:17.725"
"07cf5b40-4e7f-40a3-8561-7434d9e74ad5","Female",28,"Bachelor’s degree","Advanced",0,"Never or very rarely","{}",3,5,5,5,"baa0223f-43a2-4864-ac9a-e049f79d88f7","2022-12-21 03:41:03.058"
"58eefd7c-8d1e-4984-aa32-07620bd3e4d2","Male",35,"Bachelor’s degree","Advanced",-10,"Once per day","{""Counter Punch, Mint Press""}",-3,0,-1,0,"dcba72e6-7eb5-4fb0-965b-d3293be2ceeb","2022-12-21 03:41:35.189"
"37a3542d-3c1d-4a0e-932c-bb1a0334a626","Male",26,"Bachelor’s degree","Advanced",0,"Several times per month","{CNN,Vice}",-4,5,0,0,"c2cd4ff6-b483-445f-a342-c2d64b90f8a1","2022-12-21 03:41:39.547"
"67a4ff8a-bfeb-4046-8f96-8fb1225f7d9e","Male",36,"Graduate work","Advanced",-1,"Several times per week","{}",1,-5,-5,-5,"7ec7b1e2-fdbb-4b2c-9dea-f4097b9533f4","2022-12-21 03:41:42.605"
"1e8b35b8-2248-4345-bf5b-627a663c6845","Female",26,"Graduate work","Advanced",-6,"Once per day","{""New York Times""}",-2,-3,-4,0,"9d1e1fde-babd-42bf-a400-04c5fff771ee","2022-12-21 03:41:44.147"
"046bab1f-4a21-4aa2-8153-f883360744ed","Male",22,"Bachelor’s degree","Advanced",-8,"Several times per day","{""New York Times"",Reuters,MSNBC,""ABC News"",""The Washington Post""}",4,-5,-5,-5,"acb2e609-9395-4678-9f52-5ba161d1423f","2022-12-21 03:41:44.247"
"69816273-ac34-491c-a730-28836e910587","Male",35,"Bachelor’s degree","Advanced",-3,"Once per day","{CNN,Reuters,MSNBC,Vice}",-4,-2,-3,-2,"9c4e0968-2499-49a2-a9df-cf40d88adfad","2022-12-21 03:41:49.951"
"29fca294-8c56-470f-a543-357c1c58e94c","Other",26,"Some college","Advanced",-10,"Several times per week","{}",-2,-4,-5,-2,"bb52b7c2-7c59-4153-86ae-f7d18f8be190","2022-12-21 03:41:54.423"
"f04a6158-fe33-4071-9d86-7ac61486bcf7","Male",65,"Some college","Advanced",-7,"Several times per day","{CNN,""CBS News"",""ABC News"",""Huffington Post"",MSNBC}",4,-4,-4,-1,"dbc7b417-69f4-499d-af93-aecc401edb92","2022-12-21 03:41:57.242"
"1f334afe-eea1-4921-b251-8c7980c51d14","Male",36,"Some college","Advanced",-1,"Several times per week","{""Fox News"",CNN,Reuters}",-4,5,3,1,"8509d042-2e3d-4dcb-b842-add399a4578d","2022-12-21 03:42:02.889"
"289d6d11-23af-4193-8819-eee044b47b85","Male",27,"Some college","Intermediate",7,"Several times per day","{}",1,5,5,4,"4d9d9d13-0118-4ae1-a351-54638e8c53d7","2022-12-21 03:42:06.607"
"ca060ce4-9109-470f-a42b-66a560daddd0","Female",23,"High school graduate","Advanced",-7,"Several times per day","{""New York Times"",CNN,MSNBC,""CBS News"",""ABC News"",""USA Today"",""New York Post"",""Huffington Post"",""The Washington Post"",""The Wall Street Journal"",""The Guardian"",""Time magazine"",Twitter,Reddit}",1,-3,-5,-3,"926ed46c-011a-4106-827f-54e843a300d1","2022-12-21 03:42:15.654"
"28bb7a02-ebf8-4d5b-a92a-d1d33c18e057","Male",28,"High school graduate","Advanced",0,"Never or very rarely","{}",-4,5,3,3,"bf9f9cfa-a052-4fd5-85f8-9525c5aaecad","2022-12-21 03:42:24.782"
"a699ea1b-fce6-4f62-b09d-13204a80e275","Male",33,"Bachelor’s degree","Advanced",-6,"Several times per day","{""New York Times"",Reuters,""The Washington Post""}",4,-5,-5,-5,"4aca20b2-85d3-494b-ab33-9c8aac184b30","2022-12-21 03:42:29.558"
"90e20d89-952a-4185-8359-aa3dd5842189","Female",34,"Bachelor’s degree","Advanced",-4,"Once per day","{""New York Times"",""The Wall Street Journal"",""Huffington Post"",""The Washington Post""}",3,-5,0,0,"d6406eb6-8d40-4f00-a601-6157c3f1c8aa","2022-12-21 03:42:33.969"
"458ec38b-84a3-4010-ab83-a4a38912629f","Female",23,"Bachelor’s degree","Advanced",-2,"Once per day","{}",1,-3,-3,0,"e5d2eae7-b28b-4752-8ad7-fe21069fd636","2022-12-21 03:42:38.437"
"47fd8d1f-a40f-4c2f-83bb-5fbdea4d1b16","Male",38,"Graduate work","Advanced",1,"Once per day","{""The Wall Street Journal"",""New York Post""}",-1,2,2,2,"29f34d6d-9750-433f-98f9-75e1821fcc64","2022-12-21 03:42:39.177"
"01afd81d-edfa-4d5f-8058-b82b46684de7","Male",38,"Bachelor’s degree","Advanced",-2,"Several times per day","{""Fox News"",""New York Times"",CNN,MSNBC,""Huffington Post"",""The Washington Post"",""CBS News"",""ABC News"",""USA Today"",""New York Post"",""The Wall Street Journal"",""The Guardian"",BuzzFeed,Vice,""Time magazine"",""Business Insider""}",2,1,-2,0,"293c56cf-938e-4436-a89f-f1418941ed19","2022-12-21 03:42:49.954"
"60ee0015-053d-4bca-95c0-8fb232feca42","Female",55,"Bachelor’s degree","Advanced",-8,"Once per day","{MSNBC,""CBS News"",Reuters,""Time magazine""}",-2,-5,-5,-5,"7baa9a40-f9e1-455f-9477-7c6b090b49e7","2022-12-21 03:42:50.287"
"34e4653f-e01f-4f52-a8ea-225ea1ac2692","Male",21,"Some college","Advanced",6,"Once per day","{""Fox News"",CNBC}",-5,-5,-5,-5,"917088d5-9e47-4a7f-bc4c-ca5355801f02","2022-12-21 03:42:53.916"
"6b285cfc-76cf-4d44-ba6e-cf9f075e8e55","Female",32,"Bachelor’s degree","Advanced",-10,"Once per day","{}",5,-5,-5,-5,"f1c234ed-3f51-4e2a-a667-628b5f6b0c71","2022-12-21 03:43:14.954"
"710805e6-58ce-4b32-a86e-0a12b70f34da","Male",37,"Bachelor’s degree","Advanced",-8,"Once per day","{""Huffington Post"",""USA Today"",BuzzFeed,""The Wall Street Journal"",""The Washington Post"",""ABC News"",CNN,MSNBC,Reuters}",-5,-1,-1,-1,"d2f56f84-8699-4d14-9502-762768af8636","2022-12-21 03:43:23.563"
"95e6ee7f-76bc-474f-bdcb-f72cc4f8476b","Male",33,"Graduate work","Advanced",1,"Several times per day","{""Fox News"",CNN,Reuters,""The Federalist"",Vice,""CBS News""}",-4,5,1,5,"63a8427f-3bf7-45f4-8358-851211eb18c1","2022-12-21 03:43:30.134"
"ba8a0826-3849-4241-8899-f6547347b0f2","Male",43,"Doctoral degree","Advanced",-4,"Several times per day","{CNN,""New York Times"",""CBS News"",""ABC News"",MSNBC,""The Washington Post"",""The Wall Street Journal""}",5,-4,-5,-4,"6b53b357-5198-428a-9eff-d07aa243b5e7","2022-12-21 03:43:31.853"
"c13ea650-3c5a-4557-a08e-0e3cda957fb6","Female",29,"Bachelor’s degree","Advanced",-6,"Once per day","{""Fox News"",CNN,""USA Today"",""The Guardian"",""Time magazine""}",2,3,2,3,"7a06b581-ccf8-4df7-bc8b-005101d6a70e","2022-12-21 03:43:52.379"
"d16dfafb-4b15-4414-b45c-b6f1b218feb4","Male",39,"High school graduate","Advanced",7,"Several times per day","{}",4,4,5,4,"8618e8a9-d75d-4a37-beae-65b2003193a7","2022-12-21 03:43:53.979"
"b3625e19-5784-4e48-ad13-540b292ff37e","Male",33,"High school graduate","Advanced",8,"Once per day","{""Yahoo! News""}",-5,5,3,0,"59fcaa7a-531c-4447-bd8f-2f096163b572","2022-12-21 03:43:55.476"
"edc31ebd-ca06-4dad-ac1f-a3af53a2171b","Male",35,"High school graduate","Advanced",-3,"Several times per week","{CNN}",1,2,3,2,"8690cffe-46a1-417f-810f-4a146dba7e8d","2022-12-21 03:43:56.908"
"9caaf76a-f4b0-40d6-90c7-c6df05b75aed","Male",26,"Graduate work","Advanced",4,"Several times per day","{""New York Times"",""Time magazine""}",5,-2,1,2,"43f7567b-4e42-40f4-b005-9e0265670f04","2022-12-21 03:44:54.464"
"f31d905c-9cd3-4723-86a3-36be263a5b2b","Female",32,"High school graduate","Advanced",-10,"Several times per day","{""CBS News"",""ABC News"",""New York Post"",""Huffington Post"",""The Washington Post"",CNN}",-4,-5,-5,-5,"7f62c486-98ed-4b4c-a08f-49860b891eeb","2022-12-21 03:45:01.123"
"b5f95d46-7761-4523-be58-fb91a6ae5cc1","Male",37,"Graduate work","Advanced",-7,"Several times per day","{""New York Times"",CNN,""USA Today"",""Time magazine"",""The Wall Street Journal""}",3,3,4,2,"f4d33df5-e4fb-4e17-91ac-0f26cd867823","2022-12-21 03:45:15.384"
"01f09af0-0d4c-4fca-85a9-e669fe6c2189","Male",52,"Associate degree","Advanced",-1,"Never or very rarely","{}",-5,0,0,0,"e2afffeb-fd7c-476a-917b-e103143320eb","2022-12-21 03:46:01.546"
"7c76d28e-d130-4185-8b13-0c7a91fdd870","Male",27,"Associate degree","Advanced",-9,"Once per day","{CNN,""New York Times"",""The Wall Street Journal""}",1,1,1,1,"927266fc-695c-43a7-83af-db89afc7f743","2022-12-21 03:45:39.518"
"d65c2ae2-43d1-4c09-bac1-a4c894c324f6","Female",66,"Graduate work","Advanced",-9,"Once per day","{""New York Times"",""CBS News""}",1,-4,-4,-4,"474b7a4a-5397-40b4-9871-d2428714d626","2022-12-21 03:45:49.41"
"b93c1d29-f5ed-42e9-b534-85aee4299a35","Female",58,"Some college","Advanced",1,"Several times per week","{CNN,""CBS News""}",-5,1,-1,-1,"f9fee925-3605-406f-953c-3d41b88e7767","2022-12-21 03:46:08.477"
"7072acfd-7df8-4b25-816b-af3af9f871cb","Female",41,"Some college","Advanced",7,"Several times per day","{""CBS News""}",-2,4,2,0,"088dff32-733b-49e2-a921-c4f0abdeb78a","2022-12-21 03:46:32.675"
"6944ef53-2911-4c45-8905-a77636af4928","Female",46,"Bachelor’s degree","Advanced",4,"Once per day","{CNN,""ABC News"",""The Washington Post""}",1,2,1,1,"6be50190-341b-4ad7-ba7e-21c973ee5a54","2022-12-21 03:46:38.812"
"785fca62-b474-4192-b8bb-4b0affdc40a5","Female",68,"Bachelor’s degree","Advanced",-10,"Several times per day","{MSNBC,CNN,""CBS News"",""ABC News""}",5,-5,-5,-5,"f7f5a7b8-ea55-4d33-a542-ca8853cb46d8","2022-12-21 03:46:44.049"
"5fc8d82c-5a15-4311-91ee-15a4d172a358","Male",23,"Bachelor’s degree","Advanced",-9,"Several times per week","{""New York Times"",""ABC News""}",3,-4,-4,-4,"50fc0cc6-c9b0-489e-b925-aecf6143bd11","2022-12-21 03:46:53.297"
"c9c9a437-43ac-4415-81b5-2bc9fc32ccea","Male",37,"Associate degree","Advanced",-10,"Several times per week","{Vice}",5,-5,-5,-5,"68588d44-6579-4519-9d57-288fe112e0f7","2022-12-21 03:46:55.19"
"a1b8d3b3-d43f-40e2-a7fe-a4282dc8e5db","Male",49,"Some college","Advanced",-8,"Once per day","{CNN}",-1,-1,-3,-4,"b3bcf1df-b157-40c5-b9d9-703d64487ef4","2022-12-21 03:47:33.516"
"e70f0bf7-9132-452d-9693-5dd9d69d2136","Male",27,"High school graduate","Advanced",2,"Several times per month","{}",-1,1,1,1,"e4db4ed0-d0f2-4fb4-a2c8-064a9c599df6","2022-12-21 03:47:52.076"
"5fb69e9c-5729-48e7-b1a0-03fe82e064d9","Male",27,"Some college","Advanced",-2,"Several times per month","{}",-2,0,0,0,"340b2a87-ce48-4c95-af52-130c31d09996","2022-12-21 03:48:15.25"
"8bb16c0b-abd9-4c49-8ec3-8292dbfc5857","Female",36,"Associate degree","Advanced",-8,"Several times per month","{""CBS News"",BuzzFeed}",2,0,2,-2,"d4f10d84-e3f9-4e91-8958-d487e7a98e9c","2022-12-21 03:48:17.536"
"2942d5f7-5495-41b7-8838-d0eae61bee0a","Male",41,"Graduate work","Advanced",-8,"Several times per day","{""The Guardian"",""New York Times""}",1,0,-1,0,"21844761-9368-4247-875f-1c65e4cb4fbb","2022-12-21 03:48:51.766"
"c315f504-e795-4273-ad04-49a6cbbe9c34","Male",22,"Bachelor’s degree","Advanced",-10,"Several times per day","{""New York Times"",Vice,""The Wall Street Journal"",""The Guardian"",Reuters}",-5,-5,-5,-5,"a5bfdb54-ad67-4692-a023-9a0e3bed183b","2022-12-21 03:49:39.079"
"bf61541c-d95f-43c2-a221-68b4d3c4afdf","Male",28,"Bachelor’s degree","Advanced",-5,"Several times per day","{MSNBC}",1,1,-1,0,"251e12ad-9b99-4e69-a635-1610f2fd82b0","2022-12-21 03:49:52.299"
"6d5135a8-94f2-4b5a-8403-ca45b53fe570","Male",21,"Bachelor’s degree","Advanced",7,"Once per day","{}",-3,2,3,2,"2375cc5b-9d82-4a58-a08f-62447609fb0b","2022-12-21 03:49:53.166"
"dc94fb9e-8949-44f0-a1f0-31e38bcf540f","I prefer not to say",32,"I prefer not to say","Advanced",-3,"Several times per week","{}",3,2,-2,1,"5cf4dd9f-9ded-484e-b617-d6e14800b1a7","2022-12-21 03:50:15.381"
"2ef7a083-5dc7-4233-b8cb-0f7c2dab08d0","Male",24,"Bachelor’s degree","Advanced",0,"Once per day","{""Fox News"",CNN,MSNBC,""New York Times"",Reuters,""ABC News"",""The Washington Post"",""The Wall Street Journal"",""Time magazine""}",2,2,1,1,"7377466d-fc42-4df1-9429-07886768cd10","2022-12-21 03:50:28.413"
"48ac593c-a610-4d62-8918-1e27f71aceba","Male",30,"High school graduate","Advanced",0,"Several times per week","{}",-5,-3,-4,-2,"ba735214-81c2-49de-9f52-007feebf7aa5","2022-12-21 03:50:40.099"
"296ae080-d481-47a5-b376-a01d284d6265","Male",52,"Bachelor’s degree","Advanced",3,"Several times per week","{}",3,3,-2,0,"5a126b59-c1c6-41ed-8304-58b6ebb20915","2022-12-21 03:50:43.027"
"257f63e6-7bef-48a4-bdca-c7a9e9531748","Female",18,"High school graduate","Advanced",-6,"Several times per week","{""New York Times"",CNN,""ABC News""}",4,-2,-3,-4,"1533ad57-caa9-40ba-be51-c0a00c526cc3","2022-12-21 03:50:49.935"
"1639a4b3-3571-41a1-88f3-235ae13f5a06","Female",51,"Some college","Advanced",10,"Several times per month","{""Fox News""}",0,-1,0,0,"57c26f47-e660-4c60-acbf-3f600db22eb3","2022-12-21 03:50:53.461"
"772987e4-0c68-40ee-8700-ae1ccbf03398","Female",28,"Some college","Advanced",3,"Several times per month","{}",1,5,3,5,"8c6cb02c-23c2-4f04-8a09-fa115a96951d","2022-12-21 03:50:58.034"
"f40739b5-eb78-46db-ab01-062fa587aef3","Female",34,"High school graduate","Advanced",-9,"Several times per week","{""ABC News""}",-5,-4,-5,-5,"bc664b1b-29d4-45af-9430-b0becafb9f6e","2022-12-21 03:51:01.7"
"f36f4a52-e65c-4cff-90d8-9eed48fa0db8","Male",20,"Some college","Advanced",0,"Several times per week","{Vice,""The Washington Post""}",-1,2,0,1,"0a639cff-ef49-4d80-bd36-13111420b377","2022-12-21 03:51:03.55"
"05a933af-4c9d-4710-9a64-945a9bb5fda0","Female",29,"Bachelor’s degree","Advanced",-7,"Several times per day","{CNN,MSNBC,""Huffington Post"",""New York Post"",""USA Today"",""ABC News"",""CBS News"",""The Wall Street Journal"",""The Washington Post""}",2,-5,-5,-5,"a67c6ec2-c299-4fbd-a9e1-fd2f495cb66a","2022-12-21 03:51:05.532"
"8745719e-cf84-4555-ac4e-bb523759ab21","Male",55,"Bachelor’s degree","Advanced",7,"Several times per day","{bbc}",1,5,5,5,"72f48912-de1b-48b2-85f6-b512fe85d8bd","2022-12-21 03:51:09.983"
"a1c71e76-bca3-4c31-a901-114db974daf6","Female",27,"Some college","Advanced",-8,"Several times per week","{CNN,MSNBC,""ABC News""}",3,-4,-4,-4,"673e7e34-17c9-4faa-9c93-2893f08d6fcb","2022-12-21 03:51:12.985"
"ebdba222-617d-45cc-9bdf-ef96b72ceabd","Female",59,"High school graduate","Advanced",-9,"Several times per day","{NPR}",-4,2,-5,-4,"0ddda046-5947-4395-a112-87dacb8d0155","2022-12-21 03:51:22.322"
"9a45245b-c458-43af-83e3-c1f31a966ab5","Male",58,"High school graduate","Advanced",7,"Several times per month","{}",-3,4,4,-4,"e554e11a-ccb3-4fd4-92eb-00133057f09d","2022-12-21 03:51:55.925"
"8a9664ee-b696-4ffc-bbcf-3c54dc5c1b46","Male",31,"Bachelor’s degree","Advanced",-5,"Several times per week","{CNN}",-3,-1,-3,0,"0cb77ca2-5502-41a8-ab06-0b7c48149f08","2022-12-21 03:52:09.102"
"91c659ed-356c-41f6-8a3d-fb49cacad544","Female",22,"Some college","Advanced",-10,"Several times per month","{""New York Times"",""New York Post""}",0,-4,-5,-5,"238bf90f-e0f0-470a-baa9-82e471ea95a1","2022-12-21 03:52:11.964"
"2f372c1d-d5c1-4f89-bb27-e8ebffc7f6e8","Female",50,"Graduate work","Advanced",-2,"Several times per week","{""Fox News"",CNN,""The Guardian"",""ABC News"",""CBS News""}",-1,1,0,0,"ce75f664-ea05-40e5-8928-2f4ba507badc","2022-12-21 03:52:14.478"
"e001cd3a-d38f-4203-9d53-d441ac191f67","Male",23,"Some college","Advanced",-9,"Once per day","{CNN,""New York Times"",""Fox News""}",1,2,3,3,"d7ec842a-c442-4842-b014-682d309781fe","2022-12-21 03:52:19.48"
"fe1494cd-e7bb-445d-a621-ec4efbb7211c","Male",43,"Bachelor’s degree","Advanced",-4,"Several times per day","{CNN,MSNBC,""New York Times"",""USA Today""}",-2,1,-2,-2,"7e1c5a5e-0a3b-44ba-a3b9-31fb7c5b9ad9","2022-12-21 03:52:32.922"
"98a769a8-1ef4-4b5d-8404-428accb9265c","I prefer not to say",22,"I prefer not to say","Advanced",-5,"Once per day","{""New York Times"",CNN,MSNBC,""USA Today"",""Time magazine"",""The Washington Post"",""ABC News"",""CBS News""}",2,-4,-5,-1,"e252e816-7dcf-4704-90ab-353598145862","2022-12-21 03:52:49.659"
"4cf4997b-5a22-41fd-81ba-afd8f628bf4d","Female",26,"Bachelor’s degree","Advanced",5,"Several times per week","{""Fox News""}",-3,-3,-2,-2,"a6261860-7a09-4372-acf5-e1bb24f2bf17","2022-12-21 03:53:26.393"
"3480a39a-817c-48f3-b956-077bba46bce6","Female",22,"Some college","Advanced",-8,"Several times per week","{""New York Times"",CNN}",-3,-3,-4,-3,"0fe4879b-2b97-46e9-b762-6ea60bce3c78","2022-12-21 03:53:27.798"
"cb3ff8cc-7321-4c64-986b-74e6afdca6e1","Female",27,"Associate degree","Advanced",-5,"Several times per week","{""New York Post"",""CBS News"",""ABC News"",""The Wall Street Journal""}",-2,-1,-3,-3,"302bb91b-b8ee-4487-9fea-e5641f1c9aef","2022-12-21 03:53:38.772"
"5b0e6081-314e-494f-af98-9763e535696a","Male",62,"Some college","Advanced",-4,"Several times per day","{""New York Times"",""The Wall Street Journal""}",3,-2,3,3,"a65277e3-b2a1-490b-8035-428881d1abe9","2022-12-21 03:53:51.929"
"4b6e98d1-d724-49f1-8311-f40f1c66d054","Male",35,"Doctoral degree","Advanced",6,"Several times per day","{""New York Times"",""Fox News"",""The Wall Street Journal""}",2,2,4,4,"db9b5c37-e3fe-445a-9392-885d1f4d3151","2022-12-21 03:53:56.337"
"d6f74ad5-2d0a-4ac2-adc5-6712355dbba7","Male",30,"Some college","Advanced",-6,"Several times per day","{CNN,Reuters}",3,3,3,1,"25b555a1-a60a-42be-a827-4f4e06209cb9","2022-12-21 03:54:08.341"
"3d00c73e-1186-4173-be67-17ef511fd505","Male",29,"Bachelor’s degree","Advanced",-8,"Once per day","{""New York Times""}",-3,-5,-5,-5,"b02940f8-646e-4159-a9b6-d56c07330a0d","2022-12-21 03:54:09.618"
"551e4d23-e3c9-42ba-941d-a71a4380145e","Male",41,"Bachelor’s degree","Advanced",-1,"Several times per day","{Reuters}",-4,-3,-5,-4,"051de305-e1fb-4192-81c8-850139627562","2022-12-21 03:54:16.366"
"f55cca72-52f6-47a2-8af2-6615e76d4023","Female",36,"Bachelor’s degree","Advanced",-10,"Once per day","{""New York Times""}",-5,-5,-5,-5,"9bf4b10f-930d-406c-8e44-ddad395bc653","2022-12-21 03:55:12.817"
"7c2bf15c-4c2a-4cc0-bf0a-046ce614cb3e","Male",31,"Some college","Advanced",-8,"Several times per week","{""The Washington Post"",Vice,""local news""}",-3,-3,-5,0,"f68cf55f-1baf-4bac-97c4-57405729fe6a","2022-12-21 03:55:19.473"
"c312501e-6420-4923-8b44-f17a0cf4a261","Male",20,"Some college","Advanced",0,"Several times per week","{}",-4,2,-2,0,"6ae55e59-cd7c-4251-b541-2a6a4732f8db","2022-12-21 03:55:22.3"
"31040fb4-05c5-48af-b00e-b59701fea84b","Male",30,"Doctoral degree","Advanced",-6,"Once per day","{CNN,""CBS News""}",3,-3,-3,-3,"2850dd0b-ad3d-4c6b-8578-2445ca4a92f7","2022-12-21 03:55:22.604"
"dec0cd79-3910-4574-acd6-a4df4efd4a4f","Male",62,"Bachelor’s degree","Advanced",2,"Several times per day","{""New York Times"",""The Washington Post"",""The Wall Street Journal"",""The Guardian""}",-5,0,0,0,"3d8c99c9-83fb-49ff-848e-60f05eb5f02b","2022-12-21 03:55:47.43"
"f41186fa-a45e-4ef1-a79b-9d0ebcbbd1a0","Male",34,"I prefer not to say","Advanced",-6,"Several times per day","{CNN,""CBS News"",""The Washington Post""}",1,4,2,5,"87188204-4ef7-4323-9f1a-3cd396c4154d","2022-12-21 03:56:00.104"
"d406cf6b-e3c0-4ff1-8b68-6f178c212650","Male",62,"Associate degree","Advanced",10,"Several times per day","{""Fox News"",""ABC News""}",4,2,2,2,"5bb2f91f-0883-41b6-bfc4-74e3737888fc","2022-12-21 03:56:10.667"
"f6b7e446-ee76-4788-80b3-5170062c308b","Male",35,"Some college","Advanced",1,"Several times per day","{""Fox News"",Reuters,Breitbart,""The Federalist"",""Business Insider"",""New York Post""}",5,5,5,5,"bb6fa50f-4bf4-4c9d-ac59-4cd104b0b771","2022-12-21 03:56:16.492"
"5219b7a8-a515-4496-99c6-d40dafe3b88f","Male",27,"Bachelor’s degree","Advanced",-10,"Once per day","{""New York Times"",CNN}",2,2,3,2,"a4339c1f-8c75-4fb0-843a-8e7fa50b3675","2022-12-21 03:56:19.435"
"a578bc05-f480-4fc2-8eb1-a86a4bccea42","Male",54,"Bachelor’s degree","Advanced",0,"Several times per day","{""Independent news presenters like Tim Pool""}",5,5,5,5,"94eb3a81-e5dc-40ee-b406-b4a571d7ca7e","2022-12-21 03:56:39.744"
"0745cac4-1ee3-4df4-887c-5d2a3af3e086","Male",35,"Some college","Advanced",-1,"Several times per day","{CNN,Vice}",3,-5,-5,-5,"cc48384a-4553-46ea-9f8e-31c413692fd5","2022-12-21 03:56:54.45"
"fa26004f-0da1-43f9-924f-6f694ce76041","Female",33,"Bachelor’s degree","Intermediate",1,"Several times per month","{CNN}",2,3,0,0,"7a6dabb1-199f-4a85-af35-4d6614cf3e0a","2022-12-21 03:59:13.591"
"b6681820-d965-4918-ab3d-9497cd6209c4","Female",34,"Graduate work","Advanced",-9,"Several times per day","{""New York Times"",""USA Today"",""The Washington Post"",""The Wall Street Journal"",""The Guardian"",BuzzFeed,Vice,""Business Insider""}",3,-3,-5,-3,"e7938f40-ce31-40a5-9be6-16946d7302aa","2022-12-21 03:59:15.027"
"a382004d-7e43-46e4-b914-8cdb0c928e0b","Male",39,"Bachelor’s degree","Advanced",-5,"Several times per day","{CNN,""The Washington Post""}",4,-4,-5,-4,"00fec1a6-a22e-4855-affc-3afaefd20653","2022-12-21 03:59:15.585"
"17ae5f26-e730-4662-b746-2c60f0a4c6e1","Female",28,"Bachelor’s degree","Advanced",-10,"Several times per day","{CNN,""ABC News"",""CBS News""}",2,-5,-5,-5,"5df37e71-7f14-46c1-9584-4b6e022aa246","2022-12-21 03:59:32.891"
"b0e8f467-c13b-42d7-8e03-885caa8d6d30","Male",24,"Bachelor’s degree","Advanced",-8,"Several times per day","{""New York Times"",Reuters,""The Wall Street Journal"",""AP News""}",2,0,-2,-2,"d4a01e75-accf-4800-bad2-67bf54398412","2022-12-21 03:59:52.425"
"d18a916b-9c39-49e1-aa11-b5682c025a31","Female",36,"Vocational or technical school","Advanced",-4,"Several times per day","{BuzzFeed,CNN,MSNBC}",2,-4,-4,-5,"cb24bdae-1029-47c7-9431-947ccbd73da3","2022-12-21 04:00:05.292"
"a56a427f-6413-4a45-bf6f-b5359889bee7","Other",38,"Graduate work","Advanced",-5,"Several times per day","{""New York Times"",CNN,MSNBC,Reuters,""Huffington Post"",""USA Today"",""ABC News"",""CBS News"",""The Washington Post"",Vice,""The Guardian"",BBC}",1,1,-1,0,"6d12435b-7f3c-4a16-86db-20eae0e90cad","2022-12-21 04:00:08.368"
"5bd41ee8-956a-421a-b919-d63aadbee346","Male",25,"High school graduate","Advanced",1,"Several times per month","{}",3,5,5,3,"6d00812a-d0a9-4d6c-982d-3a49f44004ff","2022-12-21 04:00:10.646"
"9f06e73d-db87-44c9-bde1-03ba08d397d5","Female",50,"Bachelor’s degree","Advanced",9,"Never or very rarely","{}",2,5,5,5,"e26cdd06-c2bb-4659-81d0-5b934db65ef5","2022-12-21 04:00:16.731"
"eb7400e9-6a85-4912-94df-99ad30fe8415","Male",29,"Bachelor’s degree","Advanced",-10,"Several times per week","{""Fox News"",""New York Times"",MSNBC,Reuters,""New York Post"",""The Washington Post"",""The Wall Street Journal"",Vice,NPR,AP}",3,-5,-5,-5,"023ea238-ed0d-4ab5-8c13-2b2fd4a10edf","2022-12-21 03:54:22.463"
"b9a15380-d4db-4354-ad46-d2abc0d922d8","Female",25,"Bachelor’s degree","Advanced",0,"Several times per week","{""New York Times"",""The Washington Post"",""The Wall Street Journal""}",-1,-3,-3,-3,"3c7ca37f-77bb-456b-b6d4-bd9b689e78ff","2022-12-21 03:54:32.269"
"d9c3a2f2-a2a2-4be6-a861-3fada39378bb","Male",20,"High school graduate","Advanced",-10,"Several times per week","{Vice}",-5,-3,-4,-3,"7a9a8237-03f2-4ae9-a4f2-ee15ede469ab","2022-12-21 03:55:32.857"
"a55fb699-6b6d-4c45-a03c-4b63e9467364","Male",33,"Graduate work","Advanced",-1,"Several times per week","{CNN}",1,2,-1,-1,"e3e37abf-e5d7-42b9-accf-70f72a2bc227","2022-12-21 03:56:05.227"
"71fd730d-86ea-425b-98e7-3472d0e84433","Female",20,"Some college","Advanced",-3,"Never or very rarely","{}",3,-2,-1,0,"90e66104-3c8a-42b7-b545-10cacf72f927","2022-12-21 04:05:06.291"
"fb1c7236-53a8-41cf-b223-20cc6ca4b035","Male",48,"High school graduate","Advanced",-7,"Several times per day","{CNN,MSNBC}",0,-2,-3,0,"3c3a2125-e6b7-45e2-8650-9812feeb0cae","2022-12-21 03:56:08.09"
"f04e90d3-75b6-4d66-953f-8a2204467ff8","Female",55,"Associate degree","Advanced",-10,"Several times per week","{MSNBC,""TYT, Free Speech TV""}",5,-5,-5,-5,"b7126d53-8c0a-476f-95b8-f9b2887bf9e1","2022-12-21 03:57:08.868"
"05d4c794-d806-49ed-b91d-a553c9413cfe","Male",34,"Graduate work","Advanced",-4,"Several times per day","{""USA Today"",CNN,""New York Times"",""Fox News"",""New York Post""}",3,4,4,4,"1c072708-b4bb-415d-a346-0757336779b6","2022-12-21 03:57:10.466"
"f0d12e55-b3b2-4e56-85db-ff37fc7e0a34","Male",42,"Associate degree","Advanced",-10,"Several times per day","{""New York Times"",CNN,MSNBC,""New York Post"",""Huffington Post"",""The Washington Post"",BuzzFeed}",0,-5,-5,-5,"dc24ca0b-58b6-4891-a45c-494c8b5d1b16","2022-12-21 03:57:28.271"
"c84d4e03-43cc-4fc8-9591-2398b0e04137","Male",19,"Some college","Advanced",-6,"Once per day","{""New York Times"",CNN,MSNBC}",4,-5,-5,-5,"f04305a9-cce4-48e2-98f0-bc94fea91fef","2022-12-21 03:57:52.224"
"a4d31dc0-e4bf-469d-9694-23f1e4d5120e","Male",26,"Bachelor’s degree","Advanced",-7,"Several times per week","{""The Wall Street Journal"",Vice,""The Washington Post""}",5,5,-3,1,"c7c3b873-ba30-41f0-9156-3dcd1e775e0f","2022-12-21 03:57:52.371"
"c9dab178-ded3-464b-bde5-980fd633e102","Male",67,"Graduate work","Advanced",2,"Several times per day","{}",-5,5,0,5,"43aa7fdc-aadd-41b3-97a9-396b423cfae5","2022-12-21 03:58:29.846"
"e638032d-be42-4eab-b396-8b38257dc79c","Female",30,"Graduate work","Advanced",-1,"Once per day","{""The Wall Street Journal"",""The Washington Post"",""New York Times""}",-3,4,-2,0,"73494527-9d84-4535-bfdc-41c644bff04e","2022-12-21 03:58:32.388"
"18ee084b-4efd-49fe-bf49-0fe5cb452958","Male",40,"Graduate work","Advanced",-10,"Several times per day","{""New York Times"",MSNBC,Reuters,""ABC News"",""CBS News"",""The Washington Post"",""The Wall Street Journal"",""The Guardian"",Vice}",5,-5,-5,-5,"feccd07a-22bd-48ea-824f-f4e76f2592b7","2022-12-21 03:58:38.897"
"2b5a7abf-05cb-4d8c-929e-8fa3627d233b","Male",50,"Bachelor’s degree","Intermediate",0,"Once per day","{MSNBC,""CBS News""}",0,-5,-4,-5,"7a0e2c70-d28b-4494-9aa1-4d00d42e4204","2022-12-21 03:58:55.333"
"591f2684-b55c-463b-a3e9-5fb9a3d9d1e8","Female",46,"High school graduate","Advanced",-6,"Several times per week","{MSNBC,CNN}",3,-4,-5,-4,"7e1fc75f-36ba-4ad3-8576-a0ceb0004c27","2022-12-21 03:59:00.776"
"068dae58-081f-4b3a-8983-44608d8f17db","Female",21,"Some high school","Advanced",2,"Never or very rarely","{}",-3,1,-1,0,"14141ead-85e6-4241-b73c-58684359cfe4","2022-12-21 03:59:04.229"
"d5c2dcd8-f4d1-4c24-9c49-8a1edf487034","Male",50,"High school graduate","Advanced",-5,"Several times per day","{""The Wall Street Journal""}",2,1,1,1,"f7f97388-4a06-42c3-91d3-f1217d62e8ba","2022-12-21 03:59:23.194"
"32aade2f-d19f-4a4f-8ee0-fbb7744144d0","Male",42,"Associate degree","Advanced",-7,"Several times per day","{""Fox News"",CNN,MSNBC,Breitbart,""ABC News"",""CBS News""}",4,-4,-4,-4,"b88402ba-51c5-4645-95c9-1a20c4d04a24","2022-12-21 03:59:26.613"
"cd94dc7a-1c17-4eb1-9119-5921c7de5a31","Male",73,"Some college","Advanced",0,"Several times per day","{""Fox News"",""The Guardian""}",3,3,3,3,"c46b6128-fa5b-4810-a284-55ec9c480a10","2022-12-21 04:00:26.026"
"9cd58421-f8e4-430a-a573-71d88c819fa4","Female",20,"Some college","Advanced",1,"Several times per month","{}",-1,-1,-1,-1,"2e403ff3-67df-4f8e-add4-dee864821ea2","2022-12-21 04:00:41.969"
"bef27b55-6eec-4892-89de-70becc358ad7","Female",27,"Bachelor’s degree","Advanced",-9,"Several times per week","{""ABC News""}",0,3,1,1,"1647de99-1a19-412c-b176-be0eded07cff","2022-12-21 04:01:09.898"
"c7f35dd4-c389-4521-90c8-9ad7aed0b973","Other",25,"Bachelor’s degree","Advanced",-8,"Several times per week","{""New York Times"",""The Wall Street Journal"",""The Guardian"",CNN}",-3,-4,-5,-4,"11559f8c-61f2-4857-976b-528e32a5a89a","2022-12-21 04:01:47.535"
"c8ffbf13-6d64-4eeb-9ad4-424a65e3339b","Female",37,"High school graduate","Advanced",-5,"Several times per day","{""Sky News""}",-3,0,-1,0,"43ec6b79-fe04-4f26-9588-30dc507d9d8f","2022-12-21 04:02:02.366"
"82676c9a-a964-40e1-8465-0580a24222ef","Female",42,"Bachelor’s degree","Advanced",-8,"Several times per day","{""Fox News"",""New York Times"",CNN,MSNBC,""New York Post"",""ABC News"",""CBS News"",""The Washington Post"",""The Guardian"",""Business Insider"",BuzzFeed,""The Wall Street Journal""}",-1,4,-4,0,"dffb6991-2e6e-449b-9067-c4f76e375b11","2022-12-21 04:02:13.53"
"20f85542-f3c8-4ec7-bd07-8d992c438bb3","Female",28,"Bachelor’s degree","Advanced",-2,"Several times per month","{BuzzFeed,""New York Times""}",2,3,1,1,"d4b1acfe-d1a2-4ff5-a320-52ed238e434b","2022-12-21 04:02:23.307"
"073fbbef-510d-4bfc-b774-b6ffbe3f88b9","Female",46,"Associate degree","Advanced",0,"Several times per day","{""New York Times""}",-4,4,0,0,"b88ea317-739f-411e-b221-18d70ae1724f","2022-12-21 04:02:41.635"
"13da1bab-6983-4bf3-9b1d-068a4daf27d3","Female",33,"Bachelor’s degree","Advanced",-8,"Several times per week","{MSNBC,CNN}",2,1,0,-1,"5b1d5ac6-9b6c-4eaa-bb97-13035b705ca9","2022-12-21 04:02:42.135"
"a17c9f61-6bd6-4dc8-b0a9-5833bd2104e4","Female",21,"Some college","Advanced",-10,"Several times per week","{""Business Insider"",BuzzFeed,""The Guardian"",""New York Post"",""The Washington Post"",CNN,Vice}",1,-4,-5,-1,"72a4c776-b4bb-4941-9145-f2602ad1c713","2022-12-21 04:03:00.523"
"b640e606-2f63-40bb-b55b-e9a8bde5d0a7","Female",20,"Some college","Advanced",-2,"Never or very rarely","{}",2,0,-1,0,"3bcc8318-041d-43d1-8064-9941489ea9e7","2022-12-21 04:03:09.734"
"ed510cf1-25fa-40c2-8c8b-ead435564d84","Female",24,"Bachelor’s degree","Advanced",-10,"Several times per day","{""New York Post"",""The Washington Post""}",5,-5,-5,-5,"6f4141e2-f7d5-4e8e-9029-28d86645573c","2022-12-21 04:03:23.215"
"0b5f6c3d-fada-4760-841d-bcb8df484a75","Male",26,"Bachelor’s degree","Advanced",4,"Once per day","{""Fox News"",""New York Times"",CNN,""The Washington Post"",""New York Post"",""USA Today""}",-5,-1,-1,-1,"49934615-20f9-4cbb-90dd-aa7b91d52b79","2022-12-21 04:04:09.218"
"63f2ed0a-b829-4104-8881-2dc3a5817c1d","Female",47,"Graduate work","Advanced",10,"Several times per month","{}",0,1,1,1,"f2c6eede-c6c7-44c5-92eb-2f21a00bd892","2022-12-21 04:04:10.518"
"3247b3db-ec38-45d7-8fc6-7d06061fd267","Male",20,"Some college","Advanced",-5,"Once per day","{""New York Times"",CNN,Reuters,""New York Post"",""The Wall Street Journal"",""The Washington Post""}",1,1,-5,-4,"6c7810e5-c4c5-4eeb-80c4-925ed68550ee","2022-12-21 04:04:19.192"
"85424e4d-c0af-4dec-bd38-73da6a6989bf","Female",58,"Some college","Advanced",-4,"Never or very rarely","{}",-3,-1,-1,-1,"e0a504da-8232-4e38-ae63-f5c5a8f3d474","2022-12-21 04:05:05.114"
"92600f4c-5699-4a05-b26c-f069a8c3edc4","Female",41,"Doctoral degree","Advanced",-9,"Several times per day","{""New York Times"",Reuters,""Time magazine""}",3,-4,-4,-4,"16ee478d-87c4-47f0-a217-831b2fa1546c","2022-12-21 04:06:01.198"
"725ed6e1-47ef-45d7-8e9d-3c81aad0b31b","Female",38,"Bachelor’s degree","Advanced",-10,"Several times per day","{""New York Times"",MSNBC,Reuters,""The Washington Post"",""The Guardian"",Vice,BuzzFeed}",5,-5,-5,-5,"21156717-732f-40dc-8938-a232eb20e47c","2022-12-21 04:06:05.005"
"e23bbceb-2080-454e-b407-6b8bff46002d","Female",34,"High school graduate","Advanced",2,"Once per day","{Reuters}",-4,5,0,0,"756a7d63-f43e-43d1-9046-3f97cd658073","2022-12-21 04:06:28.272"
"3b66f9c2-5a40-45eb-ab4d-d1f67f8259a4","Male",26,"Bachelor’s degree","Advanced",-7,"Several times per day","{""Fox News"",CNN,""ABC News""}",2,3,3,3,"fe87d746-0765-4213-8c09-1ec2ed666965","2022-12-21 04:06:32.583"
"c89f40c4-8b71-4e16-b730-d88dcb02bddd","Female",25,"Associate degree","Advanced",0,"Once per day","{""The Guardian"",""The Wall Street Journal"",""AP News""}",1,0,-1,0,"71c453bf-64cd-47c3-b5d8-910aba93a7b2","2022-12-21 04:06:40.196"
"d6858c4b-b11b-46f2-8580-9ccad10b96b9","Female",58,"Bachelor’s degree","Advanced",9,"Several times per day","{""New York Post"",Breitbart,TheLibertyDaily.com,TheGateWayPundit.com,DailyWire.com}",5,5,5,5,"11c8495f-e74f-4753-9aa8-dd2e63e898b8","2022-12-21 04:07:05.556"
"c10b27b4-066d-4140-a79d-3c659eb13cec","Female",57,"High school graduate","Advanced",-10,"Several times per day","{""New York Times"",Reuters,""ABC News"",""CBS News"",""The Washington Post""}",-5,-3,-5,-4,"2d62f54b-44ce-4ca2-a095-cedc1135693c","2022-12-21 04:07:09.835"
"0261de13-d175-4eb4-9c69-e7b6aca6054c","Female",51,"Some college","Advanced",5,"Several times per month","{""Fox News""}",1,5,5,5,"72788e2f-b1db-4ef3-b9fd-f403b2504efa","2022-12-21 04:07:10.582"
"36b932e1-c02c-4361-bfa0-6d603d959042","Female",61,"Graduate work","Advanced",1,"Several times per day","{CNN,MSNBC,""ABC News""}",-5,-3,-1,-3,"16301672-1c01-4b9c-822b-4e2b975cc05b","2022-12-21 04:07:17.644"
"f95bfd23-efd8-44a7-a108-666aa50c68e2","Male",34,"Graduate work","Advanced",0,"Several times per week","{MSNBC}",-4,-1,-1,0,"2941b219-f3cf-4a1f-92f4-6bc24ce825e6","2022-12-21 04:07:36.319"
"e8941365-a63c-436e-87f6-1f787a85c4de","Female",20,"Some college","Advanced",7,"Several times per month","{""Fox News"",""New York Times"",""USA Today"",""The Washington Post"",""The Wall Street Journal""}",-2,3,0,-2,"6b52df0f-4adb-4d3d-9b39-4a0bff65a42d","2022-12-21 04:07:42.976"
"484be5fe-3377-477d-96c3-aed2ea9b0611","Female",64,"Doctoral degree","Advanced",-10,"Once per day","{""New York Times"",CNN,MSNBC,""The Washington Post""}",5,-5,-5,-4,"8d2cceb6-e8f5-4133-a604-b956ec37080d","2022-12-21 04:07:47.488"
"fd9f274e-89aa-4369-a1c3-089a809408c3","Female",28,"High school graduate","Advanced",-1,"Never or very rarely","{}",-5,1,-5,5,"a1fc7804-4188-4354-8bfc-289a046b9c21","2022-12-21 04:08:00.495"
"950b5014-6147-43c5-9e54-b20f7393437c","Male",39,"Bachelor’s degree","Advanced",-7,"Several times per day","{""New York Times"",MSNBC,CNN,Reuters,""USA Today"",""ABC News"",""CBS News"",""The Washington Post"",""The Wall Street Journal"",""Business Insider""}",5,-5,-5,-5,"a4addfa0-fad4-4f74-bd92-7e32e0158213","2022-12-21 04:08:13.502"
"5e282726-6aba-4bf0-91ee-b3c12b94d17f","Male",43,"Some high school","Advanced",0,"Several times per week","{}",-5,0,0,0,"ced0a8ee-203f-4e1e-8bff-ed77f940a0ad","2022-12-21 04:09:30.261"
"8c23540c-c63d-4707-a4bd-8b7e44be56dd","Female",18,"Bachelor’s degree","Advanced",-9,"Several times per month","{CNN,""The Washington Post"",""Huffington Post"",NHK}",-4,4,0,0,"b7ae97c7-d562-403d-a964-c7d3f5519733","2022-12-21 04:09:32.915"
"f952133b-d826-453f-b6bf-e5aad7136cf6","Female",69,"Bachelor’s degree","Advanced",-6,"Several times per day","{Axios}",-5,-1,-5,0,"91072777-5568-44fd-a878-d333a7e6b212","2022-12-21 04:08:33.607"
"9b710608-388f-4a7f-8b0a-562d2812d9c1","Female",83,"Graduate work","Advanced",-10,"Once per day","{""Google news""}",5,-5,-5,-5,"de1f5a09-254f-4439-950c-79411e60e80c","2022-12-21 04:08:33.687"
"d2117053-ed53-43fa-81c1-6dca6249594a","Male",49,"Bachelor’s degree","Advanced",-4,"Several times per day","{CNN,MSNBC,Reuters}",-1,-3,-5,-3,"d5a8b00e-4f09-4022-b16a-93dd25e9dcf4","2022-12-21 04:10:28.207"
"1bbd9d35-4b6c-4924-82e8-d4792e11f7e3","Male",33,"Graduate work","Advanced",-8,"Several times per week","{""ABC News"",CNN}",-3,0,-3,-2,"325c0562-82e4-41a8-945f-c2b3d33a250d","2022-12-21 04:10:35.982"
"aa51cc6f-3aba-43a4-a14b-71b6ebd79cb9","Female",28,"High school graduate","Advanced",-5,"Several times per day","{""New York Times"",CNN,MSNBC,""Huffington Post"",""New York Post"",""The Washington Post"",Vice}",5,-5,-5,-5,"79f1ac98-c4c3-4401-949e-acc9b4af8673","2022-12-21 04:13:20.937"
"503f3c97-5b36-4886-99ef-35cad2e0577e","Female",31,"Some college","Advanced",-8,"Several times per month","{}",-3,-3,-5,-3,"644f37cb-8cc3-484d-9beb-e21a7bdb61dc","2022-12-21 04:14:04.423"
"bc0db7ad-9241-4a98-aeef-75007e3a9b26","Female",29,"Bachelor’s degree","Advanced",-10,"Several times per week","{""New York Times"",CNN,""New York Post"",""The Washington Post"",""The Guardian""}",-1,-5,-5,-5,"26ea64e9-5135-4e6b-9278-93cf939c24e5","2022-12-21 04:11:20.851"
"48828d5f-70a1-4100-b45a-4235600d24b6","Female",62,"Some college","Advanced",-10,"Several times per day","{""New York Times"",CNN,Reuters,""The Washington Post"",""The Guardian"",""BBC News"",""AP News""}",1,-3,-4,-3,"4d7fae55-5ec5-4d6e-a900-74f7bac19ea6","2022-12-21 04:11:23.234"
"e5a0257f-3753-48b3-b385-9b4333ca6304","Female",23,"Bachelor’s degree","Advanced",-7,"Several times per week","{}",-1,-1,-1,0,"5478b0ce-142f-4668-a5ff-806f17a32592","2022-12-21 04:17:10.105"
"7a3e96e3-7486-4c53-a700-d807f243219b","Female",43,"Some college","Advanced",-10,"Several times per week","{""New York Times"",""The Washington Post"",""The Wall Street Journal"",""The Guardian"",Vice,""Business Insider""}",2,1,-5,-3,"edde4fae-6f6c-4362-9d0d-f2851ba538b6","2022-12-21 04:18:01.388"
"ffc9a73b-c54c-4314-b9a1-16548a3cb745","Female",44,"Graduate work","Advanced",-4,"Several times per day","{""New York Times"",CNN,""CBS News"",""ABC News"",""The Washington Post"",MSNBC,Reuters,""Huffington Post"",""USA Today"",""Time magazine"",""The Wall Street Journal"",""Business Insider""}",-3,-5,-5,-5,"17debd98-82b1-40d9-9977-a9c5434181be","2022-12-21 04:18:29.134"
"ed23fba0-9d8d-4a93-a669-e5cbb94628ce","Male",74,"Graduate work","Advanced",-10,"Once per day","{CNN}",-5,5,5,5,"4e3a30e6-b474-4f65-b802-1dd337887f1e","2022-12-21 04:19:38.455"
"d97f4393-eb46-4419-b4f6-616727409149","Male",35,"Bachelor’s degree","Advanced",-3,"Once per day","{""New York Times"",""The Guardian"",""The Washington Post"",""Fox News"",""The Wall Street Journal""}",-4,0,3,5,"65a8b048-fa6f-42dd-84d4-122fc2c31425","2022-12-21 04:19:48.3"
"299126ad-7a39-4b05-9b5d-718d837d2204","Male",27,"High school graduate","Advanced",-6,"Several times per day","{""Fox News"",""New York Times"",CNN,MSNBC,""The Wall Street Journal""}",3,1,0,0,"e4d15032-93cb-4f30-b3e3-8e29d42e7be6","2022-12-21 04:23:46.022"
"7ee1d739-a846-45eb-8bb1-a268bf696383","Female",53,"Associate degree","Advanced",1,"Several times per day","{}",5,5,5,5,"7acf5968-c8c8-4d8f-908b-12fa62e2f255","2022-12-21 04:28:45.612"
"abb8b42f-4277-4a2b-acb8-1d8ae8988316","Female",39,"Bachelor’s degree","Advanced",-10,"Several times per day","{""New York Times"",CNN,Reuters,""The Guardian"",""The Washington Post"",Vice,NPR}",4,-5,-5,-5,"c2d1b648-0809-4bbd-b55c-bef59cfc9a9e","2022-12-21 04:33:05.275"
"1ddeb03b-0d3c-4b79-8a70-553db4253814","Female",43,"Bachelor’s degree","Advanced",-6,"Several times per day","{CNN,""New York Times"",MSNBC,Reuters,""USA Today"",""CBS News"",""ABC News"",""Huffington Post"",""The Washington Post"",BuzzFeed}",5,-5,-5,-5,"14cded36-3541-40be-9345-457df926173d","2022-12-21 04:34:20.555"
"b1cdf202-2dc6-4de3-9a40-c4f1002a2a0a","Male",35,"High school graduate","Advanced",5,"Several times per month","{""New York Times"",Vice,""Fox News""}",1,4,2,2,"37208243-640d-4724-89ed-45a6bfcb305f","2022-12-21 04:46:17.925"
"6d447c63-3f0c-4a95-80ad-4ec3031ae45a","Male",34,"Bachelor’s degree","Advanced",-1,"Several times per week","{""New York Times"",Reuters,""The Wall Street Journal""}",-1,-1,-5,-1,"972542da-8fe8-4ba8-a7f2-f0e32495af96","2022-12-21 05:03:18.184"
"53f6132c-f01e-4fa5-afd4-606720862eec","Male",24,"Bachelor’s degree","Advanced",-10,"Several times per day","{""New York Times"",CNN,""Fox News"",""The Washington Post"",MSNBC}",5,5,5,5,"b7fbcde2-e979-4ddd-bf6d-f3ec9a424374","2022-12-21 05:17:41.613"
